{
  "metrics": {
    "mae": 1.87029039043761e-05,
    "r2": 0.11285613169010089
  },
  "num_rows": 4295
}