{
  "metrics": {
    "accuracy": 0.7925494761350408,
    "auc": 0.7227885783718103
  },
  "num_rows": 4295,
  "trained_at": "2025-08-19T08:02:07.940493+00:00"
}